timestamp,face_count,ear,blink_count,closure_duration,yaw,pitch,roll,label
1788879921.77,1,0.4242,2,0.0,8.88,0.0,0.0,Focused
1788879921.84,1,0.443,2,0.0,11.07,0.0,0.0,Focused
1788879921.92,1,0.4049,2,0.0,9.13,0.0,0.0,Focused
1788879921.99,1,0.4049,2,0.0,9.13,0.0,0.0,Focused
1788879922.08,1,0.4412,2,0.0,11.02,0.0,0.0,Focused
1788879922.14,1,0.4145,2,0.0,12.62,0.0,0.0,Focused
1788879922.24,1,0.4678,2,0.0,9.86,0.0,0.0,Focused
1788879922.33,1,0.4471,2,0.0,10.84,0.0,0.0,Focused
1788879922.41,1,0.4479,2,0.0,10.33,0.0,0.0,Focused
1788879922.5,1,0.4479,2,0.0,10.33,0.0,0.0,Focused
1788879922.58,1,0.4457,2,0.0,10.79,0.0,0.0,Focused
1788879922.65,1,0.4542,2,0.0,12.35,0.0,0.0,Focused
1788879922.71,1,0.4508,2,0.0,10.95,0.0,0.0,Focused
1788879922.8,1,0.4467,2,0.0,11.28,0.0,0.0,Focused
1788879922.89,1,0.4467,2,0.0,11.28,0.0,0.0,Focused
1788879922.95,1,0.465,2,0.0,9.86,0.0,0.0,Focused
1788879923.04,1,0.4426,2,0.0,10.19,0.0,0.0,Focused
1788879923.12,1,0.4463,2,0.0,11.76,0.0,0.0,Focused
1788879923.2,1,0.4219,2,0.0,10.87,0.0,0.0,Focused
1788879923.29,1,0.4582,2,0.0,11.65,0.0,0.0,Focused
1788879923.38,1,0.4582,2,0.0,11.65,0.0,0.0,Focused
1788879923.46,1,0.4497,2,0.0,8.29,0.0,0.0,Focused
1788879923.53,1,0.44,2,0.0,11.36,0.0,0.0,Focused
1788879923.63,1,0.4469,2,0.0,9.14,0.0,0.0,Focused
1788879923.69,1,0.4187,2,0.0,13.01,0.0,0.0,Focused
1788879923.78,1,0.4269,2,0.0,11.33,0.0,0.0,Focused
1788879923.87,1,0.4269,2,0.0,11.33,0.0,0.0,Focused
1788879923.96,1,0.4453,2,0.0,10.07,0.0,0.0,Focused
1788879924.05,1,0.4114,2,0.0,9.26,0.0,0.0,Focused
1788879924.12,1,0.4419,2,0.0,9.74,0.0,0.0,Focused
1788879924.2,1,0.4265,2,0.0,8.93,0.0,0.0,Focused
1788879924.31,1,0.4462,2,0.0,7.9,0.0,0.0,Focused
1788879924.39,1,0.4462,2,0.0,7.9,0.0,0.0,Focused
1788879924.48,1,0.4379,2,0.0,9.83,0.0,0.0,Focused
1788879924.54,1,0.4307,2,0.0,9.51,0.0,0.0,Focused
1788879924.62,1,0.4393,2,0.0,10.92,0.0,0.0,Focused
1788879924.67,1,0.4393,2,0.0,10.92,0.0,0.0,Focused
1788879924.76,1,0.422,2,0.0,10.98,0.0,0.0,Focused
1788879924.83,1,0.4265,2,0.0,9.95,0.0,0.0,Focused
1788879924.92,2,0.4167,2,0.0,9.34,0.0,0.0,Focused
1788879924.99,1,0.4287,2,0.0,9.21,0.0,0.0,Focused
1788879925.09,1,0.4287,2,0.0,9.21,0.0,0.0,Focused
1788879925.16,1,0.4292,2,0.0,9.0,0.0,0.0,Focused
1788879925.23,1,0.4366,2,0.0,10.75,0.0,0.0,Focused
1788879925.33,1,0.4142,2,0.0,8.18,0.0,0.0,Focused
1788879925.42,1,0.4093,2,0.0,10.17,0.0,0.0,Focused
1788879925.51,1,0.3989,2,0.0,9.23,0.0,0.0,Focused
1788879925.6,1,0.3989,2,0.0,9.23,0.0,0.0,Focused
1788879925.68,1,0.421,2,0.0,10.37,0.0,0.0,Focused
1788879925.79,1,0.3943,2,0.0,8.62,0.0,0.0,Focused
1788879925.86,1,0.4355,2,0.0,10.39,0.0,0.0,Focused
1788879925.93,1,0.436,2,0.0,9.44,0.0,0.0,Focused
1788879925.98,1,0.4054,2,0.0,9.42,0.0,0.0,Focused
1788879926.06,1,0.4054,2,0.0,9.42,0.0,0.0,Focused
1788879926.15,1,0.3938,2,0.0,8.96,0.0,0.0,Focused
1788879926.23,1,0.4135,2,0.0,8.99,0.0,0.0,Focused
1788879926.32,1,0.4076,2,0.0,9.28,0.0,0.0,Focused
1788879926.4,1,0.4076,2,0.0,9.28,0.0,0.0,Focused
1788879926.49,1,0.4142,2,0.0,8.61,0.0,0.0,Focused
1788879926.56,1,0.3885,2,0.0,8.96,0.0,0.0,Focused
1788879926.63,2,0.4068,2,0.0,9.33,0.0,0.0,Focused
1788879926.73,2,0.3781,2,0.0,10.27,0.0,0.0,Focused
1788879926.82,1,0.4121,2,0.0,7.71,0.0,0.0,Focused
1788879926.91,2,0.4266,2,0.0,8.92,0.0,0.0,Focused
1788879926.99,1,0.4055,2,0.0,7.96,0.0,0.0,Focused
1788879927.07,1,0.4055,2,0.0,7.96,0.0,0.0,Focused
1788879927.15,1,0.4501,2,0.0,6.19,0.0,0.0,Focused
1788879927.25,1,0.4397,2,0.0,5.67,0.0,0.0,Focused
1788879927.34,1,0.466,2,0.0,8.65,0.0,0.0,Focused
1788879927.43,1,0.4561,2,0.0,6.25,0.0,0.0,Focused
1788879927.52,2,0.4557,2,0.0,8.97,0.0,0.0,Focused
1788879927.59,2,0.4557,2,0.0,8.97,0.0,0.0,Focused
1788879927.67,1,0.4605,2,0.0,6.69,0.0,0.0,Focused
1788879927.74,2,0.45,2,0.0,9.43,0.0,0.0,Focused
1788879927.83,1,0.4273,2,0.0,6.03,0.0,0.0,Focused
1788879927.91,1,0.4334,2,0.0,5.84,0.0,0.0,Focused
1788879928.0,1,0.4261,2,0.0,5.28,0.0,0.0,Focused
1788879928.08,1,0.4261,2,0.0,5.28,0.0,0.0,Focused
1788879928.17,1,0.436,2,0.0,8.75,0.0,0.0,Focused
1788879928.26,1,0.3848,2,0.0,9.26,0.0,0.0,Focused
1788879928.32,1,0.2202,2,0.0,9.27,0.0,0.0,Focused
1788879928.39,2,0.3666,2,0.0,8.1,0.0,0.0,Focused
1788879928.5,1,0.4183,2,0.0,8.29,0.0,0.0,Focused
1788879928.58,1,0.4183,2,0.0,8.29,0.0,0.0,Focused
1788879928.64,1,0.4244,2,0.0,7.24,0.0,0.0,Focused
1788879928.72,1,0.3807,2,0.0,8.02,0.0,0.0,Focused
1788879928.77,1,0.3807,2,0.0,8.02,0.0,0.0,Focused
1788879928.84,1,0.3936,2,0.0,5.15,0.0,0.0,Focused
1788879928.9,1,0.4127,2,0.0,8.47,0.0,0.0,Focused
1788879928.96,1,0.4127,2,0.0,8.47,0.0,0.0,Focused
1788879929.02,2,0.4088,2,0.0,6.07,0.0,0.0,Focused
1788879929.08,1,0.4277,2,0.0,6.91,0.0,0.0,Focused
1788879929.15,1,0.4277,2,0.0,6.91,0.0,0.0,Focused
1788879929.22,1,0.3343,2,0.0,4.23,0.0,0.0,Focused
1788879929.3,1,0.2907,2,0.0,8.53,0.0,0.0,Focused
1788879929.37,1,0.2907,2,0.0,8.53,0.0,0.0,Focused
1788879929.43,1,0.4087,2,0.0,6.46,0.0,0.0,Focused
1788879929.5,1,0.4203,2,0.0,6.78,0.0,0.0,Focused
1788879929.57,1,0.4203,2,0.0,6.78,0.0,0.0,Focused
1788879929.63,1,0.3843,2,0.0,5.28,0.0,0.0,Focused
1788879929.7,1,0.3816,2,0.0,9.18,0.0,0.0,Focused
1788879929.77,1,0.3816,2,0.0,9.18,0.0,0.0,Focused
1788879929.85,1,0.4102,2,0.0,9.39,0.0,0.0,Focused
1788879929.9,1,0.4031,2,0.0,7.63,0.0,0.0,Focused
1788879929.99,1,0.4031,2,0.0,7.63,0.0,0.0,Focused
1788879930.07,1,0.3822,2,0.0,6.46,0.0,0.0,Focused
1788879930.15,1,0.4029,2,0.0,6.14,0.0,0.0,Focused
1788879930.23,1,0.3759,2,0.0,6.17,0.0,0.0,Focused
1788879930.32,1,0.3695,2,0.0,6.37,0.0,0.0,Focused
1788879930.41,1,0.3803,2,0.0,5.23,0.0,0.0,Focused
1788879930.5,2,0.358,2,0.0,7.48,0.0,0.0,Focused
1788879930.59,2,0.358,2,0.0,7.48,0.0,0.0,Focused
1788879930.66,1,0.4157,2,0.0,5.11,0.0,0.0,Focused
1788879930.71,1,0.3605,2,0.0,6.51,0.0,0.0,Focused
1788879930.81,1,0.3605,2,0.0,6.51,0.0,0.0,Focused
1788879930.89,1,0.3703,2,0.0,6.47,0.0,0.0,Focused
1788879930.96,1,0.3884,2,0.0,6.97,0.0,0.0,Focused
1788879931.03,1,0.3789,2,0.0,6.37,0.0,0.0,Focused
1788879931.09,1,0.3865,2,0.0,8.57,0.0,0.0,Focused
1788879931.18,1,0.3865,2,0.0,8.57,0.0,0.0,Focused
1788879931.25,1,0.4022,2,0.0,8.13,0.0,0.0,Focused
1788879931.33,2,0.4216,2,0.0,4.39,0.0,0.0,Focused
1788879935.07,1,0.3782,2,0.0,-17.54,0.0,0.0,Focused
1788879935.16,1,0.3783,2,0.0,-17.5,0.0,0.0,Focused
1788879935.25,2,0.3689,2,0.0,-14.98,0.0,0.0,Focused
1788879935.34,1,0.3649,2,0.0,-13.8,0.0,0.0,Focused
1788879935.44,3,0.3451,2,0.0,-16.41,0.0,0.0,Focused
1788879935.53,1,0.3549,2,0.0,-16.44,0.0,0.0,Focused
1788879935.62,1,0.3985,2,0.0,-17.23,0.0,0.0,Focused
1788879935.7,1,0.3672,2,0.0,-12.29,0.0,0.0,Focused
1788879935.8,1,0.3776,2,0.0,-14.49,0.0,0.0,Focused
1788879935.88,1,0.3776,2,0.0,-14.49,0.0,0.0,Focused
1788879935.97,1,0.386,2,0.0,-5.53,0.0,0.0,Focused
1788879936.04,1,0.388,2,0.0,-2.38,0.0,0.0,Focused
1788879936.13,1,0.3879,2,0.0,-1.95,0.0,0.0,Focused
1788879936.22,1,0.4397,2,0.0,-1.15,0.0,0.0,Focused
1788879936.32,1,0.4299,2,0.0,2.92,0.0,0.0,Focused
1788879936.41,1,0.4306,2,0.0,2.74,0.0,0.0,Focused
1788879936.48,1,0.4306,2,0.0,2.74,0.0,0.0,Focused
1788879936.55,1,0.4313,2,0.0,-0.47,0.0,0.0,Focused
1788879936.65,1,0.4406,2,0.0,1.07,0.0,0.0,Focused
1788879936.73,1,0.433,2,0.0,2.91,0.0,0.0,Focused
1788879936.84,1,0.4453,2,0.0,3.71,0.0,0.0,Focused
1788879936.91,2,0.4548,2,0.0,0.91,0.0,0.0,Focused
1788879936.98,1,0.4405,2,0.0,0.73,0.0,0.0,Focused
1788879937.12,1,0.4431,2,0.0,5.1,0.0,0.0,Focused
1788879937.22,1,0.4591,2,0.0,2.58,0.0,0.0,Focused
1788879937.29,1,0.4685,2,0.0,3.66,0.0,0.0,Focused
1788879937.4,1,0.4688,2,0.0,4.76,0.0,0.0,Focused
1788879937.48,1,0.4688,2,0.0,4.76,0.0,0.0,Focused
1788879937.54,1,0.4596,2,0.0,6.0,0.0,0.0,Focused
1788879937.6,1,0.4652,2,0.0,3.47,0.0,0.0,Focused
1788879937.68,1,0.4652,2,0.0,3.47,0.0,0.0,Focused
1788879937.78,1,0.4526,2,0.0,3.63,0.0,0.0,Focused
1788879937.86,1,0.4617,2,0.0,2.38,0.0,0.0,Focused
1788879937.95,1,0.4498,2,0.0,1.3,0.0,0.0,Focused
1788879939.72,1,0.4426,2,0.0,-11.02,0.0,0.0,Focused
1788879939.8,1,0.4195,2,0.0,-7.52,0.0,0.0,Focused
1788879939.89,1,0.4195,2,0.0,-7.52,0.0,0.0,Focused
1788879939.98,1,0.4284,2,0.0,-7.29,0.0,0.0,Focused
1788879940.05,1,0.4206,2,0.0,-6.42,0.0,0.0,Focused
1788879940.1,1,0.4014,2,0.0,-8.02,0.0,0.0,Focused
1788879940.16,1,0.4014,2,0.0,-8.02,0.0,0.0,Focused
1788879940.23,2,0.4351,2,0.0,-3.53,0.0,0.0,Focused
1788879940.3,1,0.4386,2,0.0,-1.93,0.0,0.0,Focused
1788879940.36,1,0.4386,2,0.0,-1.93,0.0,0.0,Focused
1788879940.43,1,0.4427,2,0.0,1.52,0.0,0.0,Focused
1788879940.49,1,0.4256,2,0.0,1.18,0.0,0.0,Focused
1788879940.55,1,0.4256,2,0.0,1.18,0.0,0.0,Focused
1788879940.63,1,0.4358,2,0.0,1.0,0.0,0.0,Focused
1788879940.69,2,0.4432,2,0.0,-0.28,0.0,0.0,Focused
1788879940.76,2,0.4432,2,0.0,-0.28,0.0,0.0,Focused
1788879940.84,1,0.4144,2,0.0,2.33,0.0,0.0,Focused
1788879940.92,1,0.4128,2,0.0,0.66,0.0,0.0,Focused
1788879940.97,1,0.4128,2,0.0,0.66,0.0,0.0,Focused
1788879941.04,1,0.4244,2,0.0,0.36,0.0,0.0,Focused
1788879941.12,1,0.4294,2,0.0,-0.66,0.0,0.0,Focused
1788879941.18,1,0.4294,2,0.0,-0.66,0.0,0.0,Focused
1788879941.26,1,0.4469,2,0.0,1.34,0.0,0.0,Focused
1788879941.32,1,0.4336,2,0.0,-1.53,0.0,0.0,Focused
1788879941.38,1,0.432,2,0.0,-1.0,0.0,0.0,Focused
1788879941.49,1,0.4129,2,0.0,-1.35,0.0,0.0,Focused
1788879941.56,1,0.4129,2,0.0,-1.35,0.0,0.0,Focused
1788879941.61,2,0.4001,2,0.0,-0.75,0.0,0.0,Focused
1788879941.69,2,0.3876,2,0.0,-1.43,0.0,0.0,Focused
1788879941.78,2,0.3876,2,0.0,-1.43,0.0,0.0,Focused
1788879941.87,1,0.4077,2,0.0,-2.76,0.0,0.0,Focused
1788879941.97,1,0.3934,2,0.0,-1.89,0.0,0.0,Focused
1788879942.04,1,0.3948,2,0.0,-1.69,0.0,0.0,Focused
1788879942.15,1,0.3773,2,0.0,-3.54,0.0,0.0,Focused
1788879942.2,1,0.3778,2,0.0,-1.22,0.0,0.0,Focused
1788879942.26,1,0.3778,2,0.0,-1.22,0.0,0.0,Focused
1788879942.32,1,0.3989,2,0.0,-0.62,0.0,0.0,Focused
1788879942.39,1,0.4227,2,0.0,0.3,0.0,0.0,Focused
1788879942.45,1,0.4227,2,0.0,0.3,0.0,0.0,Focused
1788879942.51,1,0.3962,2,0.0,2.63,0.0,0.0,Focused
1788879942.57,1,0.3455,2,0.0,3.26,0.0,0.0,Focused
1788879942.63,1,0.3455,2,0.0,3.26,0.0,0.0,Focused
1788879942.7,2,0.3118,2,0.0,3.69,0.0,0.0,Focused
1788879942.78,2,0.3134,2,0.0,-0.19,0.0,0.0,Focused
1788879942.84,2,0.3134,2,0.0,-0.19,0.0,0.0,Focused
1788879942.9,2,0.2948,2,0.0,0.9,0.0,0.0,Focused
1788879942.97,2,0.2999,2,0.0,-0.94,0.0,0.0,Focused
1788879943.02,2,0.2999,2,0.0,-0.94,0.0,0.0,Focused
1788879943.09,1,0.3066,2,0.0,1.04,0.0,0.0,Focused
1788879943.18,1,0.2757,2,0.0,-1.08,0.0,0.0,Focused
1788879943.24,1,0.2757,2,0.0,-1.08,0.0,0.0,Focused
1788879943.3,1,0.2673,2,0.0,4.63,0.0,0.0,Focused
1788879943.37,2,0.3008,2,0.0,6.5,0.0,0.0,Focused
1788879943.43,2,0.3008,2,0.0,6.5,0.0,0.0,Focused
1788879943.49,1,0.306,2,0.0,8.13,0.0,0.0,Focused
1788879943.58,1,0.3003,2,0.0,11.0,0.0,0.0,Focused
1788879943.65,1,0.3003,2,0.0,11.0,0.0,0.0,Focused
1788879943.71,1,0.3719,2,0.0,12.33,0.0,0.0,Focused
1788879943.8,2,0.4026,2,0.0,17.88,0.0,0.0,Focused
1788879943.91,2,0.4026,2,0.0,17.88,0.0,0.0,Focused
1788879944.0,1,0.4537,2,0.0,15.95,0.0,0.0,Focused
1788879944.06,1,0.3769,2,0.0,18.45,0.0,0.0,Focused
1788879944.14,1,0.4061,2,0.0,15.44,0.0,0.0,Focused
1788879944.22,1,0.3678,2,0.0,14.88,0.0,0.0,Focused
1788879944.32,1,0.3102,2,0.0,5.48,0.0,0.0,Focused
1788879944.4,1,0.3102,2,0.0,5.48,0.0,0.0,Focused
1788879944.51,1,0.3915,2,0.0,3.71,0.0,0.0,Focused
1788879944.59,1,0.394,2,0.0,7.86,0.0,0.0,Focused
1788879944.7,1,0.4014,2,0.0,12.68,0.0,0.0,Focused
1788879944.81,1,0.4217,2,0.0,15.85,0.0,0.0,Focused
1788879944.9,1,0.4259,2,0.0,16.63,0.0,0.0,Focused
1788879944.97,1,0.4182,2,0.0,16.0,0.0,0.0,Focused
1788879945.03,1,0.3705,2,0.0,12.49,0.0,0.0,Focused
1788879945.11,1,0.3567,2,0.0,10.9,0.0,0.0,Focused
1788879945.19,1,0.3567,2,0.0,10.9,0.0,0.0,Focused
1788879945.29,1,0.2951,2,0.0,7.76,0.0,0.0,Focused
1788879945.37,1,0.2988,2,0.0,5.04,0.0,0.0,Focused
1788879945.47,1,0.3485,2,0.0,4.6,0.0,0.0,Focused
1788879945.53,1,0.3309,2,0.0,6.05,0.0,0.0,Focused
1788879945.6,1,0.1994,2,0.0,8.06,0.0,0.0,Focused
1788879945.68,1,0.1994,2,0.08,8.06,0.0,0.0,Focused
1788879945.74,1,0.4057,3,0.0,7.6,0.0,0.0,Focused
1788879945.81,1,0.4454,3,0.0,6.15,0.0,0.0,Focused
1788879945.9,1,0.4454,3,0.0,6.15,0.0,0.0,Focused
1788879945.98,1,0.4072,3,0.0,7.37,0.0,0.0,Focused
1788879946.06,1,0.4216,3,0.0,12.47,0.0,0.0,Focused
1788879946.13,1,0.4164,3,0.0,16.85,0.0,0.0,Focused
1788879946.21,1,0.441,3,0.0,20.11,0.0,0.0,Focused
1788879946.3,1,0.4113,3,0.0,20.77,0.0,0.0,Focused
1788879946.41,1,0.4113,3,0.0,20.77,0.0,0.0,Focused
1788879946.48,1,0.4036,3,0.0,20.85,0.0,0.0,Focused
1788879946.55,1,0.4307,3,0.0,18.99,0.0,0.0,Focused
1788879946.63,1,0.405,3,0.0,19.96,0.0,0.0,Focused
1788879946.71,1,0.3662,3,0.0,20.05,0.0,0.0,Focused
1788879946.82,1,0.3166,3,0.0,11.11,0.0,0.0,Focused
1788879946.88,1,0.3543,3,0.0,8.9,0.0,0.0,Focused
1788879946.94,1,0.3543,3,0.0,8.9,0.0,0.0,Focused
1788879947.0,1,0.3611,3,0.0,14.01,0.0,0.0,Focused
1788879947.09,1,0.3611,3,0.0,14.01,0.0,0.0,Focused
1788879947.17,1,0.4157,3,0.0,12.49,0.0,0.0,Focused
1788879947.25,1,0.3901,3,0.0,20.91,0.0,0.0,Focused
1788879947.33,1,0.4343,3,0.0,18.07,0.0,0.0,Focused
1788879947.42,1,0.3912,3,0.0,17.91,0.0,0.0,Focused
1788879947.53,1,0.2924,3,0.0,10.06,0.0,0.0,Focused
1788879947.61,1,0.3195,3,0.0,3.56,0.0,0.0,Focused
1788879947.71,1,0.3195,3,0.0,3.56,0.0,0.0,Focused
1788879947.82,1,0.3202,3,0.0,0.59,0.0,0.0,Focused
1788879947.89,1,0.3202,3,0.0,0.59,0.0,0.0,Focused
1788879947.97,1,0.246,3,0.0,1.68,0.0,0.0,Focused
1788879948.04,1,0.2793,3,0.0,1.85,0.0,0.0,Focused
1788879948.11,1,0.2607,3,0.0,2.1,0.0,0.0,Focused
1788879948.2,1,0.2607,3,0.0,2.1,0.0,0.0,Focused
1788879948.31,1,0.2574,3,0.0,4.33,0.0,0.0,Focused
1788879948.41,1,0.3516,3,0.0,9.46,0.0,0.0,Focused
1788879948.5,1,0.4016,3,0.0,15.85,0.0,0.0,Focused
1788879948.58,1,0.4085,3,0.0,15.6,0.0,0.0,Focused
1788879948.68,1,0.3629,3,0.0,10.8,0.0,0.0,Focused
1788879948.77,1,0.3554,3,0.0,8.49,0.0,0.0,Focused
1788879948.87,1,0.3169,3,0.0,5.31,0.0,0.0,Focused
1788879948.97,1,0.324,3,0.0,3.25,0.0,0.0,Focused
1788879949.05,1,0.319,3,0.0,3.5,0.0,0.0,Focused
1788879949.15,1,0.3066,3,0.0,3.96,0.0,0.0,Focused
1788879949.22,1,0.3481,3,0.0,5.94,0.0,0.0,Focused
1788879949.29,1,0.3814,3,0.0,6.4,0.0,0.0,Focused
1788879949.41,1,0.3966,3,0.0,8.86,0.0,0.0,Focused
1788879949.49,1,0.3966,3,0.0,8.86,0.0,0.0,Focused
1788879949.58,1,0.309,3,0.0,9.62,0.0,0.0,Focused
1788879949.65,1,0.2895,3,0.0,5.04,0.0,0.0,Focused
1788879949.71,1,0.3113,3,0.0,4.57,0.0,0.0,Focused
1788879949.77,1,0.3113,3,0.0,4.57,0.0,0.0,Focused
1788879949.84,1,0.3404,3,0.0,6.31,0.0,0.0,Focused
1788879949.93,1,0.3301,3,0.0,4.73,0.0,0.0,Focused
1788879949.99,1,0.3213,3,0.0,5.6,0.0,0.0,Focused
1788879950.08,1,0.3003,3,0.0,5.74,0.0,0.0,Focused
1788879950.17,1,0.3003,3,0.0,5.74,0.0,0.0,Focused
1788879950.26,1,0.2862,3,0.0,3.3,0.0,0.0,Focused
1788879950.37,1,0.2541,3,0.0,2.28,0.0,0.0,Focused
1788879950.43,1,0.2932,3,0.0,2.11,0.0,0.0,Focused
1788879950.49,1,0.3071,3,0.0,1.7,0.0,0.0,Focused
1788879950.61,1,0.2935,3,0.0,2.91,0.0,0.0,Focused
1788879950.68,1,0.2935,3,0.0,2.91,0.0,0.0,Focused
1788879950.78,1,0.3769,3,0.0,4.75,0.0,0.0,Focused
1788879950.85,1,0.3889,3,0.0,7.98,0.0,0.0,Focused
1788879950.92,1,0.4138,3,0.0,7.65,0.0,0.0,Focused
1788879951.0,1,0.4138,3,0.0,7.65,0.0,0.0,Focused
1788879951.07,1,0.3956,3,0.0,10.04,0.0,0.0,Focused
1788879951.13,1,0.3334,3,0.0,8.71,0.0,0.0,Focused
1788879951.2,1,0.3108,3,0.0,7.22,0.0,0.0,Focused
1788879951.31,1,0.3328,3,0.0,6.58,0.0,0.0,Focused
1788879951.36,1,0.3328,3,0.0,6.58,0.0,0.0,Focused
1788879951.43,1,0.2852,3,0.0,5.79,0.0,0.0,Focused
1788879951.51,1,0.2997,3,0.0,4.72,0.0,0.0,Focused
1788879951.58,1,0.2997,3,0.0,4.72,0.0,0.0,Focused
1788879951.64,1,0.2921,3,0.0,5.45,0.0,0.0,Focused
1788879951.71,1,0.3312,3,0.0,5.2,0.0,0.0,Focused
1788879951.78,1,0.3312,3,0.0,5.2,0.0,0.0,Focused
1788879951.84,1,0.3711,3,0.0,6.02,0.0,0.0,Focused
1788879951.93,1,0.3966,3,0.0,7.38,0.0,0.0,Focused
1788879952.02,1,0.3822,3,0.0,3.99,0.0,0.0,Focused
1788879952.07,1,0.3822,3,0.0,3.99,0.0,0.0,Focused
1788879952.14,1,0.2854,3,0.0,3.34,0.0,0.0,Focused
1788879952.21,1,0.3134,3,0.0,3.6,0.0,0.0,Focused
1788879952.28,1,0.3134,3,0.0,3.6,0.0,0.0,Focused
1788879952.37,1,0.2968,3,0.0,2.28,0.0,0.0,Focused
1788879952.46,1,0.2714,3,0.0,4.19,0.0,0.0,Focused
1788879952.54,1,0.2662,3,0.0,4.16,0.0,0.0,Focused
1788879952.61,1,0.2502,3,0.0,3.39,0.0,0.0,Focused
1788879952.68,1,0.2502,3,0.0,3.39,0.0,0.0,Focused
1788879952.75,1,0.2634,3,0.0,4.84,0.0,0.0,Focused
1788879952.83,1,0.2969,3,0.0,5.17,0.0,0.0,Focused
1788879952.9,1,0.3023,3,0.0,2.33,0.0,0.0,Focused
1788879952.98,1,0.3023,3,0.0,2.33,0.0,0.0,Focused
1788879953.07,1,0.2688,3,0.0,4.02,0.0,0.0,Focused
1788879953.15,1,0.2693,3,0.0,2.38,0.0,0.0,Focused
1788879953.21,1,0.2529,3,0.0,3.58,0.0,0.0,Focused
1788879953.29,1,0.3832,3,0.0,2.07,0.0,0.0,Focused
1788879953.37,1,0.3832,3,0.0,2.07,0.0,0.0,Focused
1788879953.47,1,0.3846,3,0.0,4.25,0.0,0.0,Focused
1788879953.53,1,0.4191,3,0.0,7.99,0.0,0.0,Focused
1788879953.59,1,0.3984,3,0.0,7.74,0.0,0.0,Focused
1788879953.69,1,0.3984,3,0.0,7.74,0.0,0.0,Focused
1788879953.78,1,0.4104,3,0.0,9.88,0.0,0.0,Focused
1788879953.85,1,0.4014,3,0.0,7.61,0.0,0.0,Focused
1788879953.92,1,0.4012,3,0.0,9.34,0.0,0.0,Focused
1788879954.01,1,0.3369,3,0.0,6.46,0.0,0.0,Focused
1788879954.07,1,0.3369,3,0.0,6.46,0.0,0.0,Focused
1788879954.14,1,0.3097,3,0.0,6.84,0.0,0.0,Focused
1788879954.19,1,0.3348,3,0.0,7.26,0.0,0.0,Focused
1788879954.28,1,0.3348,3,0.0,7.26,0.0,0.0,Focused
1788879954.35,1,0.3232,3,0.0,6.2,0.0,0.0,Focused
1788879954.41,1,0.2766,3,0.0,3.47,0.0,0.0,Focused
1788879954.47,1,0.2766,3,0.0,3.47,0.0,0.0,Focused
1788879954.54,1,0.2787,3,0.0,2.89,0.0,0.0,Focused
1788879954.6,1,0.2835,3,0.0,3.64,0.0,0.0,Focused
1788879954.68,1,0.2835,3,0.0,3.64,0.0,0.0,Focused
1788879954.75,1,0.2689,3,0.0,2.17,0.0,0.0,Focused
1788879954.86,1,0.2616,3,0.0,5.13,0.0,0.0,Focused
1788879954.96,1,0.292,3,0.0,1.72,0.0,0.0,Focused
1788879955.03,1,0.3724,3,0.0,4.04,0.0,0.0,Focused
1788879955.1,1,0.4141,3,0.0,5.63,0.0,0.0,Focused
1788879955.19,1,0.4141,3,0.0,5.63,0.0,0.0,Focused
1788879955.28,1,0.406,3,0.0,5.16,0.0,0.0,Focused
1788879955.35,1,0.383,3,0.0,7.72,0.0,0.0,Focused
1788879955.42,1,0.3919,3,0.0,8.44,0.0,0.0,Focused
1788879955.48,1,0.3919,3,0.0,8.44,0.0,0.0,Focused
1788879955.55,1,0.417,3,0.0,7.91,0.0,0.0,Focused
1788879955.61,1,0.3526,3,0.0,9.42,0.0,0.0,Focused
1788879955.67,1,0.3526,3,0.0,9.42,0.0,0.0,Focused
1788879955.73,2,0.376,3,0.0,10.44,0.0,0.0,Focused
1788879955.79,1,0.3899,3,0.0,10.87,0.0,0.0,Focused
1788879955.85,1,0.3899,3,0.0,10.87,0.0,0.0,Focused
1788879955.92,1,0.4252,3,0.0,9.05,0.0,0.0,Focused
1788879955.98,1,0.4252,3,0.0,9.05,0.0,0.0,Focused
1788879956.04,1,0.4187,3,0.0,10.73,0.0,0.0,Focused
1788879956.11,1,0.4113,3,0.0,6.18,0.0,0.0,Focused
1788879956.16,1,0.4113,3,0.0,6.18,0.0,0.0,Focused
1788879956.24,1,0.4009,3,0.0,5.11,0.0,0.0,Focused
1788879956.3,1,0.3853,3,0.0,3.45,0.0,0.0,Focused
1788879956.37,1,0.3853,3,0.0,3.45,0.0,0.0,Focused
1788879956.43,1,0.413,3,0.0,3.04,0.0,0.0,Focused
1788879956.5,1,0.4215,3,0.0,1.58,0.0,0.0,Focused
1788879956.56,1,0.4215,3,0.0,1.58,0.0,0.0,Focused
1788879956.62,1,0.4333,3,0.0,3.89,0.0,0.0,Focused
1788879956.7,1,0.4364,3,0.0,2.07,0.0,0.0,Focused
1788879956.76,1,0.4364,3,0.0,2.07,0.0,0.0,Focused
1788879956.83,1,0.4036,3,0.0,4.18,0.0,0.0,Focused
1788879956.89,1,0.4084,3,0.0,7.32,0.0,0.0,Focused
1788879956.95,1,0.4084,3,0.0,7.32,0.0,0.0,Focused
1788879957.04,1,0.4119,3,0.0,7.41,0.0,0.0,Focused
1788879957.13,1,0.4297,3,0.0,7.41,0.0,0.0,Focused
1788879957.2,1,0.4292,3,0.0,11.01,0.0,0.0,Focused
1788879957.29,1,0.4292,3,0.0,11.01,0.0,0.0,Focused
1788879957.38,1,0.4175,3,0.0,12.57,0.0,0.0,Focused
1788879957.46,1,0.3991,3,0.0,11.84,0.0,0.0,Focused
1788879957.54,1,0.3996,3,0.0,10.6,0.0,0.0,Focused
1788879957.62,1,0.4153,3,0.0,10.72,0.0,0.0,Focused
1788879957.69,1,0.4304,3,0.0,9.85,0.0,0.0,Focused
1788879957.78,1,0.4304,3,0.0,9.85,0.0,0.0,Focused
1788879957.86,1,0.4233,3,0.0,9.36,0.0,0.0,Focused
1788879957.95,1,0.4165,3,0.0,9.62,0.0,0.0,Focused
1788879958.03,1,0.3744,3,0.0,11.3,0.0,0.0,Focused
1788879958.13,1,0.0991,3,0.0,9.17,0.0,0.0,Focused
1788879958.2,1,0.3106,4,0.0,12.8,0.0,0.0,Focused
1788879958.26,1,0.3106,4,0.0,12.8,0.0,0.0,Focused
1788879958.33,1,0.4071,4,0.0,19.47,0.0,0.0,Focused
1788879958.41,1,0.4219,4,0.0,25.39,0.0,0.0,Focused
1788879958.49,1,0.4219,4,0.0,25.39,0.0,0.0,Focused
1788879958.57,1,0.2884,4,0.0,31.92,0.0,0.0,Focused
1788879958.63,2,0.315,4,0.0,27.85,0.0,0.0,Focused
1788879958.71,1,0.4471,4,0.0,21.3,0.0,0.0,Focused
1788879958.8,1,0.4229,4,0.0,25.11,0.0,0.0,Focused
1788879958.87,1,0.4229,4,0.0,25.11,0.0,0.0,Focused
1788879958.96,1,0.4027,4,0.0,19.09,0.0,0.0,Focused
1788879959.03,1,0.396,4,0.0,18.64,0.0,0.0,Focused
1788879959.13,1,0.4347,4,0.0,22.93,0.0,0.0,Focused
1788879959.19,1,0.4214,4,0.0,19.36,0.0,0.0,Focused
1788879959.28,2,0.4177,4,0.0,32.71,0.0,0.0,Focused
1788879959.35,2,0.4177,4,0.0,32.71,0.0,0.0,Focused
1788879959.41,1,0.3747,4,0.0,25.22,0.0,0.0,Focused
1788879959.49,1,0.3841,4,0.0,25.23,0.0,0.0,Focused
1788879959.58,1,0.3841,4,0.0,25.23,0.0,0.0,Focused
1788879959.64,1,0.399,4,0.0,24.97,0.0,0.0,Focused
1788879959.73,1,0.4151,4,0.0,24.78,0.0,0.0,Focused
1788879959.81,2,0.3617,4,0.0,34.72,0.0,0.0,Focused
1788879959.9,2,0.3617,4,0.0,34.72,0.0,0.0,Focused
1788879959.99,2,0.395,4,0.0,29.99,0.0,0.0,Focused
1788879960.07,1,0.3634,4,0.0,33.55,0.0,0.0,Focused
1788879960.15,1,0.4305,4,0.0,27.02,0.0,0.0,Focused
1788879960.21,1,0.4134,4,0.0,28.49,0.0,0.0,Focused
1788879960.28,1,0.4134,4,0.0,28.49,0.0,0.0,Focused
1788879960.34,1,0.399,4,0.0,27.37,0.0,0.0,Focused
1788879960.4,1,0.3745,4,0.0,28.73,0.0,0.0,Focused
1788879960.46,1,0.3745,4,0.0,28.73,0.0,0.0,Focused
1788879960.52,1,0.4135,4,0.0,23.61,0.0,0.0,Focused
1788879960.59,1,0.4151,4,0.0,28.82,0.0,0.0,Focused
1788879960.65,1,0.4151,4,0.0,28.82,0.0,0.0,Focused
1788879960.71,1,0.1098,4,0.0,28.72,0.0,0.0,Focused
1788879960.78,1,0.3296,5,0.0,30.91,0.0,0.0,Focused
1788879960.85,1,0.3296,5,0.0,30.91,0.0,0.0,Focused
1788879960.91,1,0.4012,5,0.0,31.23,0.0,0.0,Focused
1788879960.97,1,0.4502,5,0.0,30.41,0.0,0.0,Focused
1788879961.03,1,0.4502,5,0.0,30.41,0.0,0.0,Focused
1788879961.1,2,0.3874,5,0.0,15.43,0.0,0.0,Focused
1788879961.19,1,0.4247,5,0.0,25.42,0.0,0.0,Focused
1788879961.26,1,0.4247,5,0.0,25.42,0.0,0.0,Focused
1788879961.32,1,0.4073,5,0.0,23.28,0.0,0.0,Focused
1788879961.38,1,0.444,5,0.0,24.07,0.0,0.0,Focused
1788879961.45,1,0.444,5,0.0,24.07,0.0,0.0,Focused
1788879961.5,1,0.3928,5,0.0,19.13,0.0,0.0,Focused
1788879961.58,1,0.4712,5,0.0,18.49,0.0,0.0,Focused
1788879961.64,1,0.4712,5,0.0,18.49,0.0,0.0,Focused
1788879961.71,1,0.4236,5,0.0,17.29,0.0,0.0,Focused
1788879961.78,1,0.4161,5,0.0,17.89,0.0,0.0,Focused
1788879961.84,1,0.4161,5,0.0,17.89,0.0,0.0,Focused
1788879961.91,1,0.4187,5,0.0,12.79,0.0,0.0,Focused
1788879961.99,1,0.4076,5,0.0,13.55,0.0,0.0,Focused
1788879962.05,1,0.4076,5,0.0,13.55,0.0,0.0,Focused
1788879962.11,1,0.428,5,0.0,14.52,0.0,0.0,Focused
1788879962.18,1,0.3837,5,0.0,8.76,0.0,0.0,Focused
1788879962.25,1,0.3837,5,0.0,8.76,0.0,0.0,Focused
1788879962.31,1,0.3943,5,0.0,15.89,0.0,0.0,Focused
1788879962.39,1,0.4608,5,0.0,20.61,0.0,0.0,Focused
1788879962.46,1,0.4608,5,0.0,20.61,0.0,0.0,Focused
1788879962.52,1,0.4958,5,0.0,11.28,0.0,0.0,Focused
1788879962.58,1,0.4704,5,0.0,7.06,0.0,0.0,Focused
1788879962.64,1,0.4704,5,0.0,7.06,0.0,0.0,Focused
1788879962.7,1,0.452,5,0.0,-1.88,0.0,0.0,Focused
1788879962.79,1,0.4852,5,0.0,-3.84,0.0,0.0,Focused
1788879962.85,1,0.4852,5,0.0,-3.84,0.0,0.0,Focused
1788879962.92,1,0.5083,5,0.0,-4.78,0.0,0.0,Focused
1788879962.98,1,0.4589,5,0.0,-2.77,0.0,0.0,Focused
1788879963.04,1,0.4589,5,0.0,-2.77,0.0,0.0,Focused
1788879963.11,1,0.4098,5,0.0,13.51,0.0,0.0,Focused
1788879963.19,1,0.4371,5,0.0,23.61,0.0,0.0,Focused
1788879963.26,1,0.4371,5,0.0,23.61,0.0,0.0,Focused
1788879963.32,1,0.4553,5,0.0,19.86,0.0,0.0,Focused
1788879963.38,1,0.3942,5,0.0,11.33,0.0,0.0,Focused
1788879963.44,1,0.3942,5,0.0,11.33,0.0,0.0,Focused
1788879963.5,1,0.3421,5,0.0,-3.4,0.0,0.0,Focused
1788879963.59,1,0.465,5,0.0,-15.66,0.0,0.0,Focused
1788879963.66,1,0.465,5,0.0,-15.66,0.0,0.0,Focused
1788879963.74,1,0.3908,5,0.0,-5.95,0.0,0.0,Focused
1788879963.8,1,0.2718,5,0.0,19.73,0.0,0.0,Focused
1788879963.87,1,0.2718,5,0.0,19.73,0.0,0.0,Focused
1788879963.92,2,0.3746,5,0.0,34.92,0.0,0.0,Focused
1788879963.99,1,0.4462,5,0.0,42.96,0.0,0.0,Focused
1788879964.05,1,0.4462,5,0.0,42.96,0.0,0.0,Focused
1788879964.12,1,0.3999,5,0.0,39.0,0.0,0.0,Focused
1788879964.17,1,0.362,5,0.0,17.46,0.0,0.0,Focused
1788879964.23,1,0.362,5,0.0,17.46,0.0,0.0,Focused
1788879964.3,1,0.3867,5,0.0,-2.44,0.0,0.0,Focused
1788879964.39,1,0.4095,5,0.0,-2.07,0.0,0.0,Focused
1788879964.46,1,0.4095,5,0.0,-2.07,0.0,0.0,Focused
1788879964.54,1,0.2444,5,0.0,10.09,0.0,0.0,Focused
1788879964.62,1,0.377,5,0.0,24.34,0.0,0.0,Focused
1788879964.7,1,0.4179,5,0.0,28.2,0.0,0.0,Focused
1788879964.75,1,0.4179,5,0.0,28.2,0.0,0.0,Focused
1788879964.82,1,0.4098,5,0.0,25.11,0.0,0.0,Focused
1788879964.92,1,0.3602,5,0.0,21.03,0.0,0.0,Focused
1788879965.0,1,0.3602,5,0.0,21.03,0.0,0.0,Focused
1788879965.08,1,0.4044,5,0.0,14.84,0.0,0.0,Focused
1788879965.18,1,0.4046,5,0.0,19.53,0.0,0.0,Focused
1788879965.29,1,0.4,5,0.0,15.26,0.0,0.0,Focused
1788879965.37,1,0.3802,5,0.0,18.96,0.0,0.0,Focused
1788879965.45,2,0.3892,5,0.0,11.06,0.0,0.0,Focused
1788879965.54,2,0.392,5,0.0,10.39,0.0,0.0,Focused
1788879965.62,0,0.3871,5,0.0,23.95,0.0,0.0,Focused
1788879965.7,1,0.4038,5,0.0,14.4,0.0,0.0,Focused
1788879965.81,1,0.4038,5,0.0,14.4,0.0,0.0,Focused
1788879965.88,1,0.3947,5,0.0,12.52,0.0,0.0,Focused
1788879965.95,1,0.3947,5,0.0,12.52,0.0,0.0,Focused
1788879966.03,0,0.3761,5,0.0,28.94,0.0,0.0,Focused
1788879966.11,1,0.3719,5,0.0,9.04,0.0,0.0,Focused
1788879966.21,1,0.3719,5,0.0,9.04,0.0,0.0,Focused
1788879966.28,2,0.3834,5,0.0,8.41,0.0,0.0,Focused
1788879966.34,1,0.3862,5,0.0,8.15,0.0,0.0,Focused
1788879966.41,1,0.3972,5,0.0,8.86,0.0,0.0,Focused
1788879966.47,1,0.3972,5,0.0,8.86,0.0,0.0,Focused
1788879966.54,2,0.4148,5,0.0,9.87,0.0,0.0,Focused
1788879966.6,1,0.3904,5,0.0,7.02,0.0,0.0,Focused
1788879966.67,1,0.3904,5,0.0,7.02,0.0,0.0,Focused
1788879966.74,2,0.3543,5,0.0,16.28,0.0,0.0,Focused
1788879966.8,1,0.3847,5,0.0,11.41,0.0,0.0,Focused
1788879966.86,1,0.3847,5,0.0,11.41,0.0,0.0,Focused
1788879966.92,1,0.3729,5,0.0,10.19,0.0,0.0,Focused
1788879966.99,1,0.3807,5,0.0,11.45,0.0,0.0,Focused
1788879967.06,1,0.3807,5,0.0,11.45,0.0,0.0,Focused
1788879967.12,1,0.3851,5,0.0,10.68,0.0,0.0,Focused
1788879967.19,1,0.408,5,0.0,6.65,0.0,0.0,Focused
1788879967.25,1,0.408,5,0.0,6.65,0.0,0.0,Focused
1788879967.31,1,0.383,5,0.0,8.42,0.0,0.0,Focused
1788879967.4,1,0.383,5,0.0,8.42,0.0,0.0,Focused
1788879967.48,1,0.3771,5,0.0,13.34,0.0,0.0,Focused
1788879967.53,1,0.3773,5,0.0,14.6,0.0,0.0,Focused
1788879967.59,1,0.401,5,0.0,5.74,0.0,0.0,Focused
1788879967.66,1,0.401,5,0.0,5.74,0.0,0.0,Focused
1788879967.74,1,0.3834,5,0.0,15.3,0.0,0.0,Focused
1788879967.84,1,0.0,0,0.0,0.0,0.0,0.0,Focused
1788879967.94,1,0.4144,5,0.0,11.85,0.0,0.0,Focused
1788879968.06,1,0.42,5,0.0,13.72,0.0,0.0,Focused
1788879968.12,1,0.3957,5,0.0,14.57,0.0,0.0,Focused
1788879968.2,0,0.381,5,0.0,16.04,0.0,0.0,Focused
1788879968.29,1,0.3774,5,0.0,14.02,0.0,0.0,Focused
1788879968.34,1,0.3774,5,0.0,14.02,0.0,0.0,Focused
1788879968.44,1,0.4217,5,0.0,10.6,0.0,0.0,Focused
1788879968.53,1,0.391,5,0.0,12.44,0.0,0.0,Focused
1788879968.62,1,0.4028,5,0.0,12.93,0.0,0.0,Focused
1788879968.74,1,0.4183,5,0.0,11.77,0.0,0.0,Focused
1788879968.82,1,0.4275,5,0.0,13.24,0.0,0.0,Focused
1788879968.88,1,0.4275,5,0.0,13.24,0.0,0.0,Focused
1788879968.96,1,0.4193,5,0.0,15.95,0.0,0.0,Focused
1788879969.03,1,0.4417,5,0.0,10.9,0.0,0.0,Focused
1788879969.09,1,0.3969,5,0.0,12.86,0.0,0.0,Focused
1788879969.17,1,0.3969,5,0.0,12.86,0.0,0.0,Focused
1788879969.24,1,0.395,5,0.0,14.47,0.0,0.0,Focused
1788879969.33,1,0.423,5,0.0,13.2,0.0,0.0,Focused
1788879969.4,1,0.4212,5,0.0,10.05,0.0,0.0,Focused
1788879969.49,1,0.3999,5,0.0,15.1,0.0,0.0,Focused
1788879969.56,1,0.3999,5,0.0,15.1,0.0,0.0,Focused
1788879969.62,1,0.4152,5,0.0,10.25,0.0,0.0,Focused
1788879969.69,1,0.407,5,0.0,17.99,0.0,0.0,Focused
1788879969.77,1,0.407,5,0.0,17.99,0.0,0.0,Focused
1788879969.85,1,0.4183,5,0.0,15.91,0.0,0.0,Focused
1788879969.91,2,0.403,5,0.0,11.92,0.0,0.0,Focused
1788879969.98,2,0.403,5,0.0,11.92,0.0,0.0,Focused
1788879970.07,1,0.4077,5,0.0,15.14,0.0,0.0,Focused
1788879970.13,1,0.4156,5,0.0,13.35,0.0,0.0,Focused
1788879970.21,1,0.4095,5,0.0,18.05,0.0,0.0,Focused
1788879970.28,1,0.4095,5,0.0,18.05,0.0,0.0,Focused
1788879970.37,1,0.4268,5,0.0,11.61,0.0,0.0,Focused
1788879970.46,2,0.3983,5,0.0,14.76,0.0,0.0,Focused
1788879970.52,1,0.3227,5,0.0,12.53,0.0,0.0,Focused
1788879970.57,1,0.2909,5,0.0,-2.49,0.0,0.0,Focused
1788879970.64,1,0.2909,5,0.0,-2.49,0.0,0.0,Focused
1788879970.72,1,0.24,5,0.0,1.07,0.0,0.0,Focused
1788879970.78,2,0.2339,5,0.0,2.91,0.0,0.0,Focused
1788879970.87,2,0.2339,5,0.0,2.91,0.0,0.0,Focused
1788879970.97,1,0.3223,5,0.0,5.06,0.0,0.0,Focused
1788879971.04,1,0.3025,5,0.0,7.42,0.0,0.0,Focused
1788879971.14,1,0.3656,5,0.0,3.66,0.0,0.0,Focused
1788879971.21,1,0.4242,5,0.0,-3.71,0.0,0.0,Focused
1788879971.3,1,0.4494,5,0.0,-9.35,0.0,0.0,Focused
1788879971.36,1,0.4494,5,0.0,-9.35,0.0,0.0,Focused
1788879971.44,1,0.4689,5,0.0,-8.28,0.0,0.0,Focused
1788879971.53,1,0.4577,5,0.0,-11.76,0.0,0.0,Focused
1788879971.62,1,0.4462,5,0.0,-10.58,0.0,0.0,Focused
1788879971.73,1,0.439,5,0.0,-7.84,0.0,0.0,Focused
1788879971.8,1,0.4381,5,0.0,-9.65,0.0,0.0,Focused
1788879971.85,1,0.4381,5,0.0,-9.65,0.0,0.0,Focused
1788879971.92,2,0.4477,5,0.0,-10.67,0.0,0.0,Focused
1788879972.0,2,0.4239,5,0.0,-13.3,0.0,0.0,Focused
1788879972.07,2,0.4239,5,0.0,-13.3,0.0,0.0,Focused
1788879972.16,1,0.3909,5,0.0,-6.42,0.0,0.0,Focused
1788879972.23,1,0.4123,5,0.0,-7.95,0.0,0.0,Focused
1788879972.31,1,0.4163,5,0.0,-9.94,0.0,0.0,Focused
1788879972.38,1,0.4163,5,0.0,-9.94,0.0,0.0,Focused
1788879972.47,1,0.4192,5,0.0,-8.55,0.0,0.0,Focused
1788879972.55,1,0.3959,5,0.0,-9.14,0.0,0.0,Focused
1788879972.63,1,0.4049,5,0.0,-8.69,0.0,0.0,Focused
1788879972.72,1,0.3997,5,0.0,-7.87,0.0,0.0,Focused
1788879972.81,1,0.424,5,0.0,-7.5,0.0,0.0,Focused
1788879972.92,1,0.424,5,0.0,-7.5,0.0,0.0,Focused
1788879973.01,1,0.3926,5,0.0,-4.26,0.0,0.0,Focused
1788879973.09,1,0.398,5,0.0,3.44,0.0,0.0,Focused
1788879973.17,1,0.4143,5,0.0,6.94,0.0,0.0,Focused
1788879973.25,1,0.3866,5,0.0,8.46,0.0,0.0,Focused
1788879973.32,1,0.4071,5,0.0,8.42,0.0,0.0,Focused
1788879973.41,1,0.4163,5,0.0,10.15,0.0,0.0,Focused
1788879973.5,1,0.4175,5,0.0,8.33,0.0,0.0,Focused
1788879973.61,1,0.4175,5,0.0,8.33,0.0,0.0,Focused
1788879973.69,1,0.4174,5,0.0,7.08,0.0,0.0,Focused
1788879973.78,1,0.4199,5,0.0,6.45,0.0,0.0,Focused
1788879973.87,1,0.4303,5,0.0,5.82,0.0,0.0,Focused
1788879973.95,1,0.4213,5,0.0,6.01,0.0,0.0,Focused
1788879974.04,1,0.4218,5,0.0,7.23,0.0,0.0,Focused
1788879974.12,1,0.4233,5,0.0,6.91,0.0,0.0,Focused
1788879974.19,1,0.4226,5,0.0,8.16,0.0,0.0,Focused
1788879974.27,1,0.4121,5,0.0,7.09,0.0,0.0,Focused
1788879974.35,1,0.4121,5,0.0,7.09,0.0,0.0,Focused
1788879974.42,1,0.3988,5,0.0,8.92,0.0,0.0,Focused
1788879974.51,1,0.4212,5,0.0,9.3,0.0,0.0,Focused
1788879974.62,1,0.4212,5,0.0,9.3,0.0,0.0,Focused
1788879974.72,1,0.4088,5,0.0,6.1,0.0,0.0,Focused
1788879974.8,1,0.3614,5,0.0,6.36,0.0,0.0,Focused
1788879974.89,1,0.3614,5,0.0,6.36,0.0,0.0,Focused
1788879975.0,1,0.341,5,0.0,6.69,0.0,0.0,Focused
1788879975.09,1,0.3196,5,0.0,7.3,0.0,0.0,Focused
1788879975.18,1,0.3394,5,0.0,5.15,0.0,0.0,Focused
1788879975.26,1,0.4138,5,0.0,-1.79,0.0,0.0,Focused
1788879975.35,1,0.4496,5,0.0,-4.75,0.0,0.0,Focused
1788879975.44,1,0.4384,5,0.0,-7.71,0.0,0.0,Focused
1788879975.53,1,0.4439,5,0.0,-9.73,0.0,0.0,Focused
1788879975.64,1,0.4483,5,0.0,-11.13,0.0,0.0,Focused
1788879975.73,1,0.4356,5,0.0,-8.38,0.0,0.0,Focused
1788879975.8,1,0.4513,5,0.0,-6.66,0.0,0.0,Focused
1788879975.9,1,0.3641,5,0.0,-8.99,0.0,0.0,Focused
1788879975.98,1,0.3641,5,0.0,-8.99,0.0,0.0,Focused
1788879976.06,1,0.3438,5,0.0,-7.08,0.0,0.0,Focused
1788879976.17,1,0.3344,5,0.0,-5.16,0.0,0.0,Focused
1788879976.26,1,0.3352,5,0.0,-4.25,0.0,0.0,Focused
1788879976.34,1,0.3366,5,0.0,-6.44,0.0,0.0,Focused
1788879976.4,1,0.3235,5,0.0,-4.24,0.0,0.0,Focused
1788879976.5,1,0.3235,5,0.0,-4.24,0.0,0.0,Focused
1788879976.59,1,0.3445,5,0.0,-6.2,0.0,0.0,Focused
1788879976.68,1,0.4081,5,0.0,-4.16,0.0,0.0,Focused
1788879976.77,1,0.4042,5,0.0,-3.88,0.0,0.0,Focused
1788879976.9,1,0.409,5,0.0,-4.47,0.0,0.0,Focused
1788879976.95,1,0.4053,5,0.0,-1.56,0.0,0.0,Focused
1788879977.01,1,0.4019,5,0.0,-7.39,0.0,0.0,Focused
1788879977.08,1,0.3929,5,0.0,-5.1,0.0,0.0,Focused
1788879977.18,1,0.4009,5,0.0,-3.0,0.0,0.0,Focused
1788879977.25,1,0.4009,5,0.0,-3.0,0.0,0.0,Focused
1788879977.35,1,0.3792,5,0.0,-1.45,0.0,0.0,Focused
1788879977.42,1,0.1227,5,0.0,-3.96,0.0,0.0,Focused
1788879977.51,1,0.0423,5,0.09,-1.04,0.0,0.0,Focused
1788879977.62,1,0.0423,5,0.2,-1.04,0.0,0.0,Focused
1788879977.72,1,0.0302,5,0.31,-2.31,0.0,0.0,Focused
1788879977.8,1,0.0287,5,0.39,-2.15,0.0,0.0,Focused
1788879977.86,1,0.0287,5,0.45,-2.15,0.0,0.0,Focused
1788879977.94,1,0.0358,5,0.53,-3.44,0.0,0.0,Focused
1788879978.01,1,0.0314,5,0.59,-2.38,0.0,0.0,Focused
1788879978.11,1,0.0314,5,0.7,-2.38,0.0,0.0,Focused
1788879978.19,1,0.0381,5,0.77,-1.63,0.0,0.0,Focused
1788879978.25,1,0.036,5,0.83,-3.66,0.0,0.0,Focused
1788879978.35,1,0.0483,5,0.94,-1.98,0.0,0.0,Focused
1788879978.46,1,0.0459,5,1.05,-2.11,0.0,0.0,Focused
1788879978.55,1,0.0372,5,1.14,-1.82,0.0,0.0,Focused
1788879978.65,1,0.0349,5,1.23,-3.11,0.0,0.0,Focused
1788879978.74,1,0.0372,5,1.33,-1.99,0.0,0.0,Focused
1788879978.85,1,0.0454,5,1.44,-1.56,0.0,0.0,Focused
1788879978.95,1,0.2917,5,0.0,-6.77,0.0,0.0,Focused
1788879979.02,1,0.3824,5,0.0,-1.14,0.0,0.0,Focused
1788879979.1,1,0.369,5,0.0,3.68,0.0,0.0,Focused
1788879979.19,1,0.369,5,0.0,3.68,0.0,0.0,Focused
1788879979.3,1,0.3986,5,0.0,7.33,0.0,0.0,Focused
1788879979.4,1,0.4012,5,0.0,14.24,0.0,0.0,Focused
1788879979.47,1,0.4067,5,0.0,17.93,0.0,0.0,Focused
1788879979.53,1,0.4138,5,0.0,20.14,0.0,0.0,Focused
1788879979.59,1,0.415,5,0.0,18.0,0.0,0.0,Focused
1788879979.67,1,0.415,5,0.0,18.0,0.0,0.0,Focused
1788879979.78,1,0.4456,5,0.0,19.58,0.0,0.0,Focused
1788879979.88,1,0.4319,5,0.0,21.49,0.0,0.0,Focused
1788879979.95,1,0.4426,5,0.0,22.46,0.0,0.0,Focused
1788879980.05,1,0.4355,5,0.0,22.73,0.0,0.0,Focused
1788879980.11,1,0.4528,5,0.0,22.2,0.0,0.0,Focused
1788879980.17,1,0.4528,5,0.0,22.2,0.0,0.0,Focused
1788879980.24,1,0.4287,5,0.0,20.99,0.0,0.0,Focused
1788879980.3,1,0.3738,5,0.0,18.94,0.0,0.0,Focused
1788879980.36,1,0.3738,5,0.0,18.94,0.0,0.0,Focused
1788879980.43,1,0.349,5,0.0,16.61,0.0,0.0,Focused
1788879980.48,1,0.3468,5,0.0,14.92,0.0,0.0,Focused
1788879980.56,1,0.3468,5,0.0,14.92,0.0,0.0,Focused
1788879980.65,1,0.3261,5,0.0,12.82,0.0,0.0,Focused
1788879980.72,1,0.4434,5,0.0,7.02,0.0,0.0,Focused
1788879980.79,1,0.4554,5,0.0,9.08,0.0,0.0,Focused
1788879980.92,1,0.4599,5,0.0,5.26,0.0,0.0,Focused
1788879981.01,1,0.4574,5,0.0,5.18,0.0,0.0,Focused
1788879981.11,1,0.472,5,0.0,4.57,0.0,0.0,Focused
1788879981.19,1,0.4645,5,0.0,3.85,0.0,0.0,Focused
1788879981.24,1,0.4645,5,0.0,3.85,0.0,0.0,Focused
1788879981.34,1,0.4285,5,0.0,2.01,0.0,0.0,Focused
1788879981.4,1,0.4374,5,0.0,6.16,0.0,0.0,Focused
1788879981.47,1,0.4374,5,0.0,6.16,0.0,0.0,Focused
1788879981.55,1,0.4715,5,0.0,12.09,0.0,0.0,Focused
1788879981.62,1,0.4367,5,0.0,14.27,0.0,0.0,Focused
1788879981.68,1,0.4367,5,0.0,14.27,0.0,0.0,Focused
1788879981.74,1,0.4521,5,0.0,16.34,0.0,0.0,Focused
1788879981.81,1,0.4213,5,0.0,18.69,0.0,0.0,Focused
1788879981.9,1,0.4209,5,0.0,20.34,0.0,0.0,Focused
1788879982.01,1,0.4209,5,0.0,20.34,0.0,0.0,Focused
1788879982.08,1,0.4516,5,0.0,22.59,0.0,0.0,Focused
1788879982.14,1,0.4382,5,0.0,21.43,0.0,0.0,Focused
1788879982.2,1,0.4358,5,0.0,22.12,0.0,0.0,Focused
1788879982.27,1,0.4332,5,0.0,20.54,0.0,0.0,Focused
1788879982.33,1,0.4332,5,0.0,20.54,0.0,0.0,Focused
1788879982.39,1,0.4326,5,0.0,20.09,0.0,0.0,Focused
1788879982.52,1,0.4582,5,0.0,19.34,0.0,0.0,Focused
1788879982.62,1,0.4547,5,0.0,19.56,0.0,0.0,Focused
1788879982.72,1,0.4618,5,0.0,21.64,0.0,0.0,Focused
1788879982.82,1,0.449,5,0.0,21.02,0.0,0.0,Focused
1788879982.88,1,0.4435,5,0.0,19.73,0.0,0.0,Focused
1788879982.95,1,0.4435,5,0.0,19.73,0.0,0.0,Focused
1788879983.02,1,0.4754,5,0.0,19.45,0.0,0.0,Focused
1788879983.1,1,0.4684,5,0.0,21.42,0.0,0.0,Focused
1788879983.18,1,0.4684,5,0.0,21.42,0.0,0.0,Focused
1788879983.26,1,0.4641,5,0.0,19.26,0.0,0.0,Focused
1788879983.33,1,0.4519,5,0.0,20.81,0.0,0.0,Focused
1788879983.42,1,0.4461,5,0.0,18.53,0.0,0.0,Focused
1788879983.51,1,0.4593,5,0.0,18.79,0.0,0.0,Focused
1788879983.58,1,0.4593,5,0.0,18.79,0.0,0.0,Focused
1788879983.64,1,0.4651,5,0.0,20.08,0.0,0.0,Focused
1788879983.71,1,0.4498,5,0.0,18.03,0.0,0.0,Focused
1788879983.78,1,0.4498,5,0.0,18.03,0.0,0.0,Focused
1788879983.85,1,0.4279,5,0.0,16.84,0.0,0.0,Focused
1788879983.9,1,0.4169,5,0.0,18.17,0.0,0.0,Focused
1788879983.97,1,0.4169,5,0.0,18.17,0.0,0.0,Focused
1788879984.04,1,0.3939,5,0.0,13.84,0.0,0.0,Focused
1788879984.11,1,0.3694,5,0.0,13.74,0.0,0.0,Focused
1788879984.18,1,0.3694,5,0.0,13.74,0.0,0.0,Focused
1788879984.24,1,0.361,5,0.0,10.86,0.0,0.0,Focused
1788879984.31,1,0.3344,5,0.0,9.65,0.0,0.0,Focused
1788879984.38,1,0.3344,5,0.0,9.65,0.0,0.0,Focused
1788879984.44,1,0.3535,5,0.0,8.65,0.0,0.0,Focused
1788879984.5,1,0.3406,5,0.0,10.26,0.0,0.0,Focused
1788879984.6,1,0.3406,5,0.0,10.26,0.0,0.0,Focused
1788879984.67,1,0.3758,5,0.0,9.58,0.0,0.0,Focused
1788879984.73,2,0.4442,5,0.0,2.69,0.0,0.0,Focused
1788879984.82,2,0.4395,5,0.0,-1.04,0.0,0.0,Focused
1788879984.93,1,0.4826,5,0.0,-7.48,0.0,0.0,Focused
1788879985.02,2,0.4826,5,0.0,-6.89,0.0,0.0,Focused
1788879985.1,1,0.4883,5,0.0,-7.14,0.0,0.0,Focused
1788879985.19,1,0.4883,5,0.0,-7.14,0.0,0.0,Focused
1788879985.3,1,0.4953,5,0.0,-7.71,0.0,0.0,Focused
1788879985.42,1,0.4719,5,0.0,-8.17,0.0,0.0,Focused
1788879985.5,1,0.4842,5,0.0,-6.07,0.0,0.0,Focused
1788879985.6,1,0.4962,5,0.0,-5.76,0.0,0.0,Focused
1788879985.67,1,0.4962,5,0.0,-5.76,0.0,0.0,Focused
1788879985.76,1,0.4681,5,0.0,-5.53,0.0,0.0,Focused
1788879985.83,1,0.4689,5,0.0,-6.88,0.0,0.0,Focused
1788879985.89,1,0.4471,5,0.0,-7.23,0.0,0.0,Focused
1788879985.96,1,0.4471,5,0.0,-7.23,0.0,0.0,Focused
1788879986.03,1,0.4568,5,0.0,-5.65,0.0,0.0,Focused
1788879986.15,1,0.4498,5,0.0,-6.11,0.0,0.0,Focused
1788879986.21,1,0.4639,5,0.0,-5.26,0.0,0.0,Focused
1788879986.29,1,0.4763,5,0.0,-8.08,0.0,0.0,Focused
1788879986.36,1,0.4763,5,0.0,-8.08,0.0,0.0,Focused
1788879986.45,1,0.4782,5,0.0,-6.73,0.0,0.0,Focused
1788879986.55,1,0.4953,5,0.0,-5.69,0.0,0.0,Focused
1788879986.63,1,0.4613,5,0.0,-5.86,0.0,0.0,Focused
1788879986.7,1,0.4706,5,0.0,-4.51,0.0,0.0,Focused
1788879986.81,1,0.4828,5,0.0,-4.77,0.0,0.0,Focused
1788879986.9,1,0.4828,5,0.0,-4.77,0.0,0.0,Focused
1788879987.0,1,0.4879,5,0.0,-4.73,0.0,0.0,Focused
1788879987.08,1,0.491,5,0.0,-4.0,0.0,0.0,Focused
1788879987.17,1,0.3945,5,0.0,1.65,0.0,0.0,Focused
1788879987.25,1,0.3962,5,0.0,3.49,0.0,0.0,Focused
1788879987.33,1,0.3691,5,0.0,7.38,0.0,0.0,Focused
1788879987.42,1,0.386,5,0.0,7.91,0.0,0.0,Focused
1788879987.5,1,0.3671,5,0.0,7.11,0.0,0.0,Focused
1788879987.62,2,0.2642,5,0.0,4.05,0.0,0.0,Focused
1788879987.69,2,0.2642,5,0.0,4.05,0.0,0.0,Focused
1788879987.77,2,0.3564,5,0.0,0.16,0.0,0.0,Focused
1788879987.87,2,0.4292,5,0.0,-7.36,0.0,0.0,Focused
1788879987.96,2,0.4535,5,0.0,-10.53,0.0,0.0,Focused
1788879987.99,2,0.4545,5,0.0,-10.98,0.0,0.0,Distracted
1788879988.1,2,0.466,5,0.0,-8.12,0.0,0.0,Distracted
1788879988.17,2,0.466,5,0.0,-8.12,0.0,0.0,Distracted
1788879988.27,3,0.4569,5,0.0,-5.03,0.0,0.0,Distracted
1788879988.35,2,0.4787,5,0.0,-9.86,0.0,0.0,Distracted
1788879988.45,2,0.4736,5,0.0,-9.45,0.0,0.0,Distracted
1788879988.54,2,0.4568,5,0.0,-9.09,0.0,0.0,Distracted
1788879988.59,1,0.5007,5,0.0,-7.68,0.0,0.0,Distracted
1788879988.67,1,0.5007,5,0.0,-7.68,0.0,0.0,Distracted
1788879988.73,1,0.4886,5,0.0,-8.67,0.0,0.0,Distracted
1788879988.83,2,0.4743,5,0.0,-7.98,0.0,0.0,Distracted
1788879988.93,1,0.479,5,0.0,-12.08,0.0,0.0,Distracted
1788879989.03,1,0.4508,5,0.0,-9.32,0.0,0.0,Distracted
1788879989.12,2,0.4646,5,0.0,-10.67,0.0,0.0,Distracted
1788879989.22,2,0.4646,5,0.0,-10.67,0.0,0.0,Distracted
1788879989.3,3,0.4618,5,0.0,-9.79,0.0,0.0,Distracted
1788879989.4,1,0.4831,5,0.0,-10.47,0.0,0.0,Distracted
1788879989.47,1,0.4745,5,0.0,-10.52,0.0,0.0,Distracted
1788879989.57,2,0.4554,5,0.0,-7.87,0.0,0.0,Distracted
1788879989.64,1,0.4518,5,0.0,-7.25,0.0,0.0,Distracted
1788879989.74,2,0.4524,5,0.0,-9.78,0.0,0.0,Distracted
1788879989.83,1,0.4395,5,0.0,-7.39,0.0,0.0,Distracted
1788879989.94,2,0.4022,5,0.0,-7.66,0.0,0.0,Distracted
1788879990.04,2,0.4299,5,0.0,-7.17,0.0,0.0,Distracted
1788879990.13,1,0.4562,5,0.0,-6.45,0.0,0.0,Distracted
1788879990.21,2,0.4593,5,0.0,-8.67,0.0,0.0,Distracted
1788879990.28,2,0.4593,5,0.0,-8.67,0.0,0.0,Distracted
1788879990.38,2,0.4208,5,0.0,-8.98,0.0,0.0,Distracted
1788879990.46,2,0.4715,5,0.0,-8.68,0.0,0.0,Distracted
1788879990.56,2,0.4561,5,0.0,-9.13,0.0,0.0,Distracted
1788879990.66,2,0.4405,5,0.0,-8.01,0.0,0.0,Distracted
1788879990.75,2,0.422,5,0.0,-7.39,0.0,0.0,Distracted
1788879990.84,2,0.3436,5,0.0,-8.48,0.0,0.0,Distracted
1788879990.94,1,0.3159,5,0.0,-9.85,0.0,0.0,Distracted
1788879991.02,1,0.4133,5,0.0,-13.97,0.0,0.0,Distracted
1788879991.11,2,0.3707,5,0.0,-13.99,0.0,0.0,Distracted
1788879991.18,2,0.3707,5,0.0,-13.99,0.0,0.0,Distracted
1788879991.27,1,0.4681,5,0.0,-22.18,0.0,0.0,Distracted
1788879991.36,1,0.459,5,0.0,-21.05,0.0,0.0,Distracted
1788879991.44,1,0.4409,5,0.0,-17.47,0.0,0.0,Distracted
1788879991.53,1,0.4358,5,0.0,-17.6,0.0,0.0,Distracted
1788879991.62,1,0.4897,5,0.0,-15.66,0.0,0.0,Distracted
1788879991.71,1,0.4731,5,0.0,-14.26,0.0,0.0,Distracted
1788879991.81,1,0.4516,5,0.0,-11.1,0.0,0.0,Distracted
1788879991.9,1,0.4516,5,0.0,-11.1,0.0,0.0,Distracted
1788879992.0,1,0.4546,5,0.0,-12.39,0.0,0.0,Distracted
1788879992.1,1,0.4147,5,0.0,-12.24,0.0,0.0,Distracted
1788879992.17,1,0.445,5,0.0,1.81,0.0,0.0,Distracted
1788879992.27,1,0.4545,5,0.0,10.69,0.0,0.0,Distracted
1788879992.38,1,0.4661,5,0.0,15.13,0.0,0.0,Distracted
1788879992.45,1,0.4789,5,0.0,19.59,0.0,0.0,Distracted
1788879992.54,1,0.4597,5,0.0,18.57,0.0,0.0,Distracted
1788879992.65,1,0.4366,5,0.0,12.7,0.0,0.0,Distracted
1788879992.67,1,0.4347,5,0.0,7.27,0.0,0.0,Sleepy
1788879992.73,1,0.4347,5,0.0,7.27,0.0,0.0,Sleepy
1788879992.79,1,0.4533,5,0.0,-0.17,0.0,0.0,Sleepy
1788879992.86,1,0.4533,5,0.0,-0.17,0.0,0.0,Sleepy
1788879992.93,2,0.4666,5,0.0,-7.63,0.0,0.0,Sleepy
1788879993.0,2,0.482,5,0.0,-11.75,0.0,0.0,Sleepy
1788879993.08,2,0.482,5,0.0,-11.75,0.0,0.0,Sleepy
1788879993.16,1,0.4754,5,0.0,-13.94,0.0,0.0,Sleepy
1788879993.22,2,0.4874,5,0.0,-13.02,0.0,0.0,Sleepy
1788879993.32,2,0.4788,5,0.0,-12.39,0.0,0.0,Sleepy
1788879993.42,2,0.4788,5,0.0,-12.39,0.0,0.0,Sleepy
1788879993.52,1,0.4702,5,0.0,-14.5,0.0,0.0,Sleepy
1788879993.62,1,0.4702,5,0.0,-14.5,0.0,0.0,Sleepy
1788879993.72,1,0.4524,5,0.0,-14.15,0.0,0.0,Sleepy
1788879993.81,2,0.4738,5,0.0,-13.3,0.0,0.0,Sleepy
1788879993.89,2,0.4877,5,0.0,-13.9,0.0,0.0,Sleepy
1788879993.97,2,0.4877,5,0.0,-13.9,0.0,0.0,Sleepy
1788879994.05,2,0.4727,5,0.0,-12.81,0.0,0.0,Sleepy
1788879994.13,1,0.4728,5,0.0,-14.87,0.0,0.0,Sleepy
1788879994.22,2,0.4132,5,0.0,-12.09,0.0,0.0,Sleepy
1788879994.31,2,0.3062,5,0.0,-8.72,0.0,0.0,Sleepy
1788879994.41,2,0.3062,5,0.0,-8.72,0.0,0.0,Sleepy
1788879994.5,1,0.3207,5,0.0,-12.16,0.0,0.0,Sleepy
1788879994.6,1,0.3184,5,0.0,-9.93,0.0,0.0,Sleepy
1788879994.7,2,0.3492,5,0.0,-10.99,0.0,0.0,Sleepy
1788879994.8,2,0.4268,5,0.0,-13.45,0.0,0.0,Sleepy
1788879994.86,1,0.4215,5,0.0,-15.19,0.0,0.0,Sleepy
1788879994.96,1,0.4416,5,0.0,-12.0,0.0,0.0,Sleepy
1788879995.07,2,0.4684,5,0.0,-12.12,0.0,0.0,Sleepy
1788879995.09,2,0.474,5,0.0,-15.95,0.0,0.0,Absent
1788879995.17,2,0.474,5,0.0,-15.95,0.0,0.0,Absent
1788879995.26,1,0.4655,5,0.0,-9.82,0.0,0.0,Absent
1788879995.33,2,0.4848,5,0.0,-13.61,0.0,0.0,Absent
1788879995.41,2,0.4872,5,0.0,-9.77,0.0,0.0,Absent
1788879995.51,2,0.4872,5,0.0,-9.77,0.0,0.0,Absent
1788879995.59,1,0.4536,5,0.0,-11.94,0.0,0.0,Absent
1788879995.68,3,0.4388,5,0.0,-14.12,0.0,0.0,Absent
1788879995.77,2,0.426,5,0.0,-11.92,0.0,0.0,Absent
1788879995.87,1,0.4087,5,0.0,-6.8,0.0,0.0,Absent
1788879995.94,3,0.4278,5,0.0,-8.1,0.0,0.0,Absent
1788879996.01,2,0.4196,5,0.0,-7.9,0.0,0.0,Absent
1788879996.1,3,0.414,5,0.0,-6.68,0.0,0.0,Absent
1788879996.2,3,0.414,5,0.0,-6.68,0.0,0.0,Absent
1788879996.31,2,0.446,5,0.0,-9.11,0.0,0.0,Absent
1788879996.43,1,0.4277,5,0.0,-10.05,0.0,0.0,Absent
1788879996.52,2,0.3997,5,0.0,-7.65,0.0,0.0,Absent
1788879996.61,2,0.4184,5,0.0,-8.73,0.0,0.0,Absent
1788879996.71,1,0.4152,5,0.0,-8.3,0.0,0.0,Absent
1788879996.8,1,0.4152,5,0.0,-8.3,0.0,0.0,Absent
1788879996.91,2,0.4322,5,0.0,-12.79,0.0,0.0,Absent
1788879997.0,2,0.4166,5,0.0,-7.99,0.0,0.0,Absent
1788879997.07,2,0.426,5,0.0,-12.98,0.0,0.0,Absent
1788879997.15,2,0.4615,5,0.0,-11.48,0.0,0.0,Absent
1788879997.2,2,0.4501,5,0.0,-5.96,0.0,0.0,Absent
1788879997.28,2,0.4501,5,0.0,-5.96,0.0,0.0,Absent
1788879997.35,2,0.434,5,0.0,-10.65,0.0,0.0,Absent
1788879997.42,2,0.4423,5,0.0,-11.72,0.0,0.0,Absent
1788879997.5,2,0.4317,5,0.0,-11.09,0.0,0.0,Absent
1788879997.56,2,0.4317,5,0.0,-11.09,0.0,0.0,Absent
1788879997.65,2,0.434,5,0.0,-8.92,0.0,0.0,Absent
1788879997.73,1,0.492,5,0.0,-8.64,0.0,0.0,Absent
1788879997.84,1,0.4225,5,0.0,-10.06,0.0,0.0,Absent
1788879997.94,2,0.4271,5,0.0,-7.0,0.0,0.0,Absent
1788879998.01,2,0.4428,5,0.0,-9.02,0.0,0.0,Absent
1788879998.12,2,0.4428,5,0.0,-9.02,0.0,0.0,Absent
1788879998.22,2,0.4336,5,0.0,-11.12,0.0,0.0,Absent
1788879998.31,2,0.4498,5,0.0,-12.02,0.0,0.0,Absent
1788879998.42,2,0.4498,5,0.0,-12.02,0.0,0.0,Absent
1788879998.51,1,0.4671,5,0.0,-10.81,0.0,0.0,Absent
1788879998.61,1,0.4671,5,0.0,-10.81,0.0,0.0,Absent
1788879998.71,1,0.4558,5,0.0,-11.11,0.0,0.0,Absent
1788879998.8,1,0.4331,5,0.0,-8.42,0.0,0.0,Absent
1788879998.9,1,0.4331,5,0.0,-8.42,0.0,0.0,Absent
1788879998.98,2,0.4412,5,0.0,-6.86,0.0,0.0,Absent
1788879999.05,1,0.3895,5,0.0,0.07,0.0,0.0,Absent
1788879999.12,1,0.3253,5,0.0,4.27,0.0,0.0,Absent
1788879999.19,1,0.3253,5,0.0,4.27,0.0,0.0,Absent
1788879999.27,1,0.3369,5,0.0,6.55,0.0,0.0,Absent
1788879999.36,1,0.3281,5,0.0,10.0,0.0,0.0,Absent
1788879999.44,1,0.3163,5,0.0,12.27,0.0,0.0,Absent
1788879999.51,1,0.3889,5,0.0,10.78,0.0,0.0,Absent
1788879999.61,1,0.4076,5,0.0,9.93,0.0,0.0,Absent
1788879999.71,1,0.4076,5,0.0,9.93,0.0,0.0,Absent
1788879999.81,1,0.4073,5,0.0,9.92,0.0,0.0,Absent
1788879999.9,1,0.4118,5,0.0,-18.23,0.0,0.0,Absent
